girls-jeans,Price_girls-jeans,girls-skirts-and-shorts,Price_girls-skirts-and-shorts,boys-sweaters-and-hoodies,Price_boys-sweaters-and-hoodies,boys-east,Price_boys-east,girls-t-shirts-and-sweat-shirts,Price_girls-t-shirts-and-sweat-shirts,girls-scarfs,Price_girls-scarfs,boys-night-suits,Price_boys-night-suits,boys-shirts,Price_boys-shirts,girls-party-dresses,Price_girls-party-dresses,boys-trousers,Price_boys-trousers,boys-sweat-shirt-jackets,Price_boys-sweat-shirt-jackets,girls-tops-and-dresses,Price_girls-tops-and-dresses,boys-t-shirts-and-sweat-shirts,Price_boys-t-shirts-and-sweat-shirts,girls-sweat-shirt-jackets,Price_girls-sweat-shirt-jackets,girls-trousers,Price_girls-trousers,girls-night-suits,Price_girls-night-suits,girls-east,Price_girls-east
Denim Dungaree,"3,399",Embroidered Tiered Skirt,"1,699",Red Textured Knit Sweatshirt,"1,899",YARN DYED FRONT PLEATED KURTA,"1,899",Tie & Dye Tee,"1,699",PL-Scarf,850.0,Spider-Man Night Suit,"3,199",OVERSIZED TWILL SHIRT,"2,399",FRILL SEQUIN PARTY DRESS,"3,699",Garfield Trouser,"2,299",Jacquard Knit Sweater,"3,999",Printed Mickey Top,"2,099",Limited Edition Graphic Tee,"1,499",Sweater Knitted Pants,"3,499",Snoopy Jogger Pants,"2,199",Minnie Mouse Nightsuit,"3,199",Stylised Emb Set,"2,599"
Denim Dungaree,"3,499",Shimmery Net Skirt,"1,699",Grey Textured Knit Sweatshirt,"1,999",YARN DYED KHADDAR  EMB SET,"3,599",Cropped Snoopy Tee,"1,499",PL-Scarf,850.0,Marvel Night Suit,"3,199",Oversized Twill Shirt,"2,399",SWEATER KNIT JUMPSUIT,"4,699",Limited Edition Trouser,"2,199",SWEATER WITH PATCH POCKET,"3,999",Penafore Dress,"1,999",GARFIELD GRAPHIC TEE,"1,499",Button Down Sweater,"4,299",Tie & Dye Jogger Pants,"2,299",Daisy Duck Nightsuit,"3,199",BUTTON DOWN TUNIC,"2,499"
Culotte Jeans,"2,499",,,EXTRA FUN SWEATSHIRT,"2,099",SEQUIN EMB SET,"3,399",TIE & DYE DRESS,"1,699",PL-Scarf,850.0,Stars Printed Night Suit,"3,199",HOODY SHIRT,"2,599",SHINNY SILVER DRESS,"3,299",NON DENIM TROUSER,"1,999",MOCK NECK SWEATER,"3,999",Plaid Dress,"2,399",SPIDY,"1,499",COLD SHOULDER SWEATER,"3,499",Polka Dots Wide Leg Pants,"2,299",Embroidered Nightsuit,"3,199",PARROT EMB TOP,"2,499"
Paperbag Waist Band Jeans,"2,499",,,BLACK PANTHER SWEATSHIRT,"2,099",Ethnic Emb Set,"3,499",MICKEY MOUSE TEE,"1,599",PL-Scarf,850.0,TIE & DYE NIGHT SUIT,"3,099",FRONT POCKET BUTTONED SHIRT,"1,899",SEQUIN SWEATER DRESS,"3,399",Mickey Mouse Trouser,"2,399",MOCK NECK SWEATER,"4,299",Embriodered Peplum Top,"2,399",DARK KNIGHT,"1,399",Multi Striped Long  Sweater Dress,"3,699",Tucked Pleated Jogger Pants,"2,399",Marie Night Suit,"3,199",COLD SHOULDER EMB TOP,"2,399"
Cargo Wide Leg Jeans,"2,499",,,MARVEL SWEATSHIRT,"2,299",Ethnic Waistcoat,"2,499",Teddy Graphic Tee,"1,199",,,Star Wars Night Suit,"2,299",Button Down Denim Shirt,"2,099",JACQUARD GOLD BOW DRESS,"2,999",Non Denim Trouser,"1,999",COLOR BLOCKING SWEATER,"3,699",Striped Jumpsuit,"2,999",Stripper Tee,"1,299",NAUTICAL SWEATER,"4,299",,,Panda Night Suit,"3,199",ETHNIC EMB SET,"3,399"
,,,,Mickey Mouse Sweatshirt,"2,299",ALL EMB SET,"2,999",Striper Long Dress,"1,399",,,Monster In The Morning PJs,"2,199",Tie & Dye Shirt,"1,799",PINK SHIMMERY SHRUG,"2,299",Sporty Trouser,"1,599",CREW NECK SWEATER,"3,999",Printed Dress,"2,099",Basic Tee,"1,099",QUILTED VEST,"6,299",,,Beauty Sleep PJ Set,"2,199",ETHNIC EMB TUNIC,"2,499"
,,,,TYE & DYE SWEATSHIRT,"2,299",,,Printed Tee,"1,099",,,Super Charged Night Suit,"2,199",Cactus Digital Printed Shirt,"1,799",VELVET  DRESS,"3,099",JURASSIC PARK TROUSER,"2,499",MOCK NECK SWEATER,"4,299",Embriodered Side Panel Top,"1,999",Basic Black Tee,"1,099",COLOR BLOCKING SWEATER,"4,299",,,Unicorn PJ Set,"2,199",ETHNIC  EMB TUNIC,"2,499"
,,,,Goofy Sweatshirt,"2,399",,,Slogan Boxy Tee,"1,099",,,Bedtime Night Suit,"2,199",Alphabets Print Shirt,"1,999",RUFFLE SLEEVES DRESS,"4,299",BATMAN TROUSER,"2,199",COLOR BLOCKING SWEATER,"4,399",Two Piece Collar Shirt,"2,199",Stripper Tee,"1,299",KNITTED JOGGER PANTS,"3,799",,,Rainbow Nightsuit,"2,199",FRUIT EMB CORD SET,"3,599"
,,,,BASIC SWEATSHIRT,"1,999",,,Printed Chipmunk T-Shirt,"1,199",,,Heavy Duty Sleeper  Pjs,"2,199",Smiley Shirt,"1,899",BLUE SHIMMERY SHRUG,"2,299",CHECKER TROUSER,"2,199",DROP SHOULDER SWEATER,"4,399",Knife Pleated Dress,"2,499",Pepperland Graphic Tee,"1,299",MOCK NECK SWEATER,"3,999",,,Little Fairy Pajama Set,"2,199",ETHNIC EMB TUNIC,"2,699"
,,,,BASIC SWEATSHIRT,"1,999",,,Tie & Dye Tee,"1,199",,,Whaley Sleepy Pjs,"2,199",Tye & Dye Shirt,"2,099",BLACK SHIMMERY SHRUG,"2,299",BASIC KNIT TROUSER,"1,999",Jacquard Knit Sweater,"4,499",EMBRIODERED TOP,"1,999",Loading Game Graphic Tee,"1,199",FUR COLOR CARDIGAN,"4,999",,,Striped PJ Set,"2,199",WAISTCOAT EMB SET,"5,599"
,,,,BORN TO AWESOME SWEATSHIRT,"2,199",,,Ribbed Tee,"1,699",,,2 Piece Play Hard Pjs,"2,399",Denim Shirt,"2,099",WOOLEN  DRESS,"3,499",SPIDY TROUSER,"2,199",PUFFER HOODIE JACKET,"7,499",STRIPED SMOCKING TOP,"2,399",Printed Tank Top,"1,099",SHIMMERY SEQUIN SWEATER,"3,799",,,,,GEOMATRIC EMB TUNIC,"2,599"
,,,,HUNZA SWEATSHIRT,"2,199",,,JAQUARD KNIT TOP,"2,099",,,Marvel Night Suit,"3,199",Yarn Dyed Shirt,"1,999",PEARL NECKLINE DRESS,"3,099",TYE & DYE KNIT TROUSER,"2,299",ZIP UP VEST,"7,499",GATHERED DRESS,"2,099",MOP Graphic Shirt,"1,199",PINK SHIMMERY SHRUG,"2,299",,,,,ETHNIC EMB SET,"6,099"
,,,,ILLUSION SWEATSHIRT,"2,299",,,Ribbed Tee,"1,699",,,Star Wars Night Suit,"3,199",Chambray Shirt,"1,699",CHECKERED SHRUG,"2,499",SURF VIBES TROUSER,"2,199",ZIP UP JACKET,"7,499",Digital Printed Top,"1,799",Tye & Dye Graphic Tee,"1,299",FAUX FUR UPPER,"6,299",,,,,NEON EMB TUNIC,"2,599"
,,,,SURF VIBES HOODIE,"2,499",,,Unicorn Sequin Tee,"2,399",,,Lightening McQueen Night Suit,"3,199",Yarn Dyed Shirt,"1,999",Sequin Emb Party Dress,"3,699",GREY TROUSER,"2,499",,,Denim Jacquard Top,"1,899",Mickey Mouse Graphic Shirt,"1,399",DOUBLE BREASTED COAT,"7,699",,,,,STYLISED EMB TUNIC,"2,799"
,,,,JURASSIC PARK SWEATSHIRT,"2,499",,,,,,,2 Piece Super Man PJs,"2,999",Button Down Shirt,"2,099",WOOLEN  DRESS,"3,699",SNOOPY TROUSER,"2,299",,,Floral Emb Top,"1,799",Melting Emoji Graphic Shirt,"1,299",QUILTED PUFFER JACKET,"6,999",,,,,NEON EMB TUNIC,"2,799"
,,,,MAKE THE GRADE HOODIE,"2,799",,,,,,,,,Flash Logo shirt,"1,999",,,Non Denim Trouser,"2,099",,,Checkered Floral Emb Top,"1,999",Monster Truck Graphic Shirt,"1,299",BLUE SHIMMERY SHRUG,"2,299",,,,,FRONT OPEN EMB TUNIC,"2,799"
,,,,,,,,,,,,,,Poplin Digital Print,"1,799",,,,,,,Button Down Checkered Top,"2,099",Bugs Bunny Printed Tee,"1,199",BLACK SHIMMERY SHRUG,"2,299",,,,,Stylized Emb Tunic,"2,499"
,,,,,,,,,,,,,,CHECKER SHIRT,"2,299",,,,,,,Floral Emb Long Dress,"2,299",Street Riding Printed Tee,"1,199",CHECKERED SHRUG,"2,499",,,,,SLACK PANTS,"1,299"
,,,,,,,,,,,,,,STRIPPED BUTTON FRONT SHIRT,"2,299",,,,,,,Embroidered Top,"2,099",Hawaiian Graphic Tee,"1,199",,,,,,,BASIC TROUSER,"1,199"
,,,,,,,,,,,,,,,,,,,,,,Floral Printed Top,"1,799",Marvel Comics T-shirt,"1,099",,,,,,,Basic Trouser,"1,199"
,,,,,,,,,,,,,,,,,,,,,,Printed Shirt Dress,"1,999",Lets Ride Graphic Shirt,"1,099",,,,,,,Stylised Slack Pants,"1,199"
,,,,,,,,,,,,,,,,,,,,,,Rough Hem Top,"1,699",Wild Cat Tee,"1,099",,,,,,,PLEATED HEM TROUSER,"1,199"
,,,,,,,,,,,,,,,,,,,,,,Yarn Dyed Top,"1,799",Marvel Tee,"1,099",,,,,,,BASIC TROUSER,"1,199"
,,,,,,,,,,,,,,,,,,,,,,Striped Embroidery Dress,"1,999",Jurassic Park,"1,299",,,,,,,Stylized Emb Tunic,"2,699"
,,,,,,,,,,,,,,,,,,,,,,Solid Button Down Shirt,"1,899",Striper T-Shirt,"1,199",,,,,,,EMB TUNIC,"2,599"
,,,,,,,,,,,,,,,,,,,,,,Printed Dress,"1,899",Spider Man Graphic Tee,"1,099",,,,,,,ALLOVER EMB TUNIC,"2,799"
,,,,,,,,,,,,,,,,,,,,,,EMB YOKE TOP,"2,199",Transformers Tee,"1,199",,,,,,,YOKE  EMB TUNIC,"2,599"
,,,,,,,,,,,,,,,,,,,,,,BUTTON DOWN DRESS,"2,299",All over Sharks printed Tee,"1,199",,,,,,,NEON EMB SET,"4,499"
,,,,,,,,,,,,,,,,,,,,,,Striped Ruffle Top,"2,399",Basic Tee,999,,,,,,,ETHNIC EMB SET,"3,399"
,,,,,,,,,,,,,,,,,,,,,,Plain Dress,"2,899",Soccer Graphic Tee,"1,199",,,,,,,ALL OVER EMB TUNIC,"2,499"
,,,,,,,,,,,,,,,,,,,,,,Set of Jumpsuit & Tee,"3,599",Far Away Graphic Tee,"1,099",,,,,,,STYLISED EMB TUNIC,"2,599"
,,,,,,,,,,,,,,,,,,,,,,Denim Top,"2,899",BATMAN T-SHIRT,"1,999",,,,,,,CRPPED EMB TUNIC,"2,699"
,,,,,,,,,,,,,,,,,,,,,,Wrap Around Dress,"2,299",SNOOPY GRAPHIC TEE,"1,499",,,,,,,STYLISED EMB TUNIC,"3,999"
,,,,,,,,,,,,,,,,,,,,,,Embroidered Top,"2,599",READY FOR CHANGE,"1,399",,,,,,,Ethnic Emb Set,"3,999"
,,,,,,,,,,,,,,,,,,,,,,,,,,,,,,,,Neon Emb Tunic,"2,499"
,,,,,,,,,,,,,,,,,,,,,,,,,,,,,,,,YARN DYED EMB PEPLUM SET,"3,799"
,,,,,,,,,,,,,,,,,,,,,,,,,,,,,,,,POCKET EMB SET,"3,599"
,,,,,,,,,,,,,,,,,,,,,,,,,,,,,,,,Stylised Emb Set,"3,799"
,,,,,,,,,,,,,,,,,,,,,,,,,,,,,,,,Basic Tights,"1,199"
,,,,,,,,,,,,,,,,,,,,,,,,,,,,,,,,GEOMATRIC EMB TUNIC,"2,399"
,,,,,,,,,,,,,,,,,,,,,,,,,,,,,,,,BUTTON DOWN TUNIC,"2,299"
,,,,,,,,,,,,,,,,,,,,,,,,,,,,,,,,STYLISED YARN DYED TUNIC,"2,599"
,,,,,,,,,,,,,,,,,,,,,,,,,,,,,,,,FUN PRINTED TUNIC,"2,099"
,,,,,,,,,,,,,,,,,,,,,,,,,,,,,,,,FULL LENGTH TIGHTS,"1,199"
,,,,,,,,,,,,,,,,,,,,,,,,,,,,,,,,STLYLISED EMB TUNIC,"3,799"
,,,,,,,,,,,,,,,,,,,,,,,,,,,,,,,,ETHNIC EMB SET,"4,999"
,,,,,,,,,,,,,,,,,,,,,,,,,,,,,,,,CROSS STITCH EMB TUNIC,"2,499"
